merchant_id,register_days,industry,region,gmv_last_30d,gmv_prev_30d,orders_last_30d,active_days_last_30d,complaints_last_30d,promo_participation,churn
M0001,841,Retail,North,28372,28784,65,23,4,0,0
M0002,724,Electronics,North,12394,21922,44,14,0,2,0
M0003,594,Fashion,South,30675,21658,166,5,1,4,0
M0004,833,Retail,East,37282,42591,146,2,4,0,1
M0005,756,Fashion,West,27598,24954,192,22,4,2,0
M0006,573,Electronics,North,27988,40675,78,5,2,2,0
M0007,709,Electronics,North,17306,6099,35,18,2,0,0
M0008,421,Electronics,West,18274,14318,61,12,4,3,0
M0009,545,Fashion,North,47421,32463,260,9,3,3,0
M0010,204,Electronics,West,61414,47955,224,24,1,2,0
M0011,730,Retail,North,29206,43728,76,21,0,1,0
M0012,598,Food,West,8458,3062,18,13,0,2,0
M0013,112,Electronics,East,31539,32676,89,8,2,1,0
M0014,646,Food,South,24620,31571,60,10,3,4,0
M0015,994,Food,South,26171,37571,275,17,1,2,0
M0016,199,Fashion,West,4197,5208,25,20,4,3,0
M0017,889,Service,East,26676,38423,280,23,1,0,0
M0018,534,Electronics,South,21441,28434,65,17,3,0,0
M0019,958,Retail,North,47671,36476,653,17,1,0,0
M0020,856,Fashion,South,29218,20132,123,13,0,1,0
M0021,70,Electronics,East,28597,35804,73,4,4,3,1
M0022,437,Service,North,41367,29514,304,18,1,2,0
M0023,289,Electronics,South,4541,14768,40,13,1,3,1
M0024,565,Retail,North,40283,38737,104,20,1,3,0
M0025,109,Food,North,42021,32170,207,5,3,0,0
M0026,339,Fashion,East,10606,20866,41,23,4,0,0
M0027,333,Electronics,East,44543,36303,254,23,1,3,0
M0028,284,Electronics,North,41447,37865,158,26,1,3,0
M0029,138,Retail,West,24334,27465,54,28,3,2,0
M0030,652,Retail,South,26654,24161,83,27,1,1,0
M0031,700,Retail,East,23215,34910,65,18,2,1,0
M0032,195,Electronics,South,5747,20258,28,3,4,4,1
M0033,948,Retail,North,40619,38364,286,25,1,0,0
M0034,986,Fashion,East,8414,12451,36,8,0,3,0
M0035,120,Fashion,West,8311,8669,27,25,3,0,0
M0036,898,Retail,East,31502,32935,164,28,0,0,0
M0037,652,Service,South,29540,29375,76,11,3,0,0
M0038,476,Fashion,West,31701,29253,111,25,3,3,0
M0039,115,Fashion,West,8742,19568,27,8,2,2,1
M0040,173,Electronics,South,22434,29188,60,4,2,4,1
M0041,306,Food,West,14655,11190,70,10,1,2,0
M0042,565,Service,North,42759,48731,247,11,4,2,0
M0043,367,Food,West,15791,25002,84,27,3,0,0
M0044,134,Food,East,23400,10775,325,19,0,2,0
M0045,815,Retail,South,0,2947,0,3,2,2,1
M0046,688,Electronics,North,8292,5768,25,29,3,1,0
M0047,828,Food,West,46227,35089,93,5,0,0,0
M0048,113,Service,South,57429,48260,181,11,0,0,0
M0049,357,Fashion,East,40336,46481,123,14,1,0,0
M0050,405,Food,North,48755,45917,609,7,2,2,0
M0051,951,Retail,West,31257,43737,133,2,0,0,1
M0052,452,Service,South,11974,4348,32,0,4,0,1
M0053,604,Fashion,East,2786,2505,7,16,0,2,0
M0054,799,Retail,East,14777,15671,61,12,0,2,0
M0055,48,Retail,West,4498,15289,9,20,2,1,1
M0056,654,Fashion,West,9572,9787,29,21,1,2,0
M0057,91,Fashion,West,47433,40101,624,7,4,2,0
M0058,596,Service,West,40504,45633,311,8,1,3,0
M0059,533,Electronics,North,9874,4627,71,3,1,0,1
M0060,296,Electronics,West,9738,2944,24,14,0,4,0
M0061,949,Food,South,58275,47073,404,5,2,4,0
M0062,520,Fashion,South,34941,35583,116,8,2,0,0
M0063,854,Service,West,5037,4481,33,7,2,2,0
M0064,278,Retail,South,24600,38477,157,16,3,4,0
M0065,824,Service,South,14029,17116,87,3,4,0,1
M0066,417,Retail,North,56672,48219,133,23,4,4,0
M0067,82,Fashion,North,41855,30401,91,8,3,2,0
M0068,892,Service,North,26194,30286,106,2,2,0,1
M0069,501,Fashion,East,41367,42810,98,8,0,0,0
M0070,115,Electronics,North,37368,44135,96,27,1,2,0
M0071,853,Electronics,West,35437,37774,150,21,3,3,0
M0072,945,Service,North,39558,34819,439,17,1,4,0
M0073,386,Service,East,35369,41890,112,6,2,0,0
M0074,360,Retail,East,33721,44297,100,7,3,3,0
M0075,147,Fashion,East,20577,27785,381,26,2,0,0
M0076,688,Service,East,50439,41571,252,0,1,4,1
M0077,745,Retail,South,50204,37155,464,4,0,3,1
M0078,879,Fashion,North,60744,49535,170,26,3,0,0
M0079,574,Electronics,West,18395,19976,85,4,4,3,1
M0080,881,Service,West,36713,32391,129,17,3,2,0
M0081,968,Electronics,South,16124,10682,133,29,4,4,0
M0082,684,Electronics,West,9398,10232,41,21,3,1,0
M0083,665,Fashion,West,0,3599,0,24,4,3,1
M0084,339,Fashion,South,28988,37383,80,20,3,4,0
M0085,118,Fashion,West,20492,10450,48,3,3,3,1
M0086,919,Electronics,East,52870,38419,140,4,0,1,1
M0087,75,Retail,North,11242,10137,31,6,0,3,0
M0088,374,Food,East,11648,5712,208,0,2,1,1
M0089,970,Fashion,North,20870,12717,62,5,2,4,0
M0090,455,Food,South,23309,16950,90,14,2,3,0
M0091,231,Fashion,South,17310,4076,182,4,0,4,1
M0092,765,Fashion,East,46836,31839,118,25,3,1,0
M0093,745,Electronics,South,52065,48329,136,23,0,1,0
M0094,344,Food,South,0,9726,0,22,4,2,1
M0095,69,Service,South,13130,7070,50,7,0,0,0
M0096,476,Service,South,16531,2190,115,21,0,1,0
M0097,747,Retail,North,36828,22884,400,10,0,3,0
M0098,893,Retail,North,15952,6223,132,22,3,3,0
M0099,477,Retail,West,6827,5078,39,24,0,1,0
M0100,431,Service,North,33673,34100,72,20,1,2,0
M0101,608,Retail,North,37117,31829,91,18,1,3,0
M0102,279,Fashion,South,10132,5636,78,23,3,1,0
M0103,35,Service,West,25475,16432,268,24,4,1,0
M0104,823,Food,West,50091,49431,146,6,1,1,0
M0105,277,Service,North,0,5029,0,5,4,2,1
M0106,915,Food,West,12474,23920,41,2,2,1,1
M0107,272,Service,North,33089,31085,104,3,2,3,1
M0108,320,Fashion,North,31893,25026,76,1,3,2,1
M0109,770,Fashion,North,15099,20306,74,3,1,1,1
M0110,827,Food,South,21980,32930,318,14,1,0,0
M0111,153,Electronics,North,12345,11807,32,15,4,2,0
M0112,590,Electronics,East,38584,32359,88,1,0,3,1
M0113,59,Food,North,22818,19706,64,23,2,2,0
M0114,745,Food,South,31666,26302,275,10,2,0,0
M0115,922,Electronics,East,19821,24934,52,25,2,3,0
M0116,687,Food,West,7647,18225,15,2,1,4,1
M0117,372,Electronics,East,22846,35140,145,12,3,1,0
M0118,904,Service,East,4817,9938,16,20,1,0,1
M0119,614,Food,East,5277,4020,10,16,2,0,0
M0120,290,Food,West,25613,32723,55,17,0,3,0
M0121,352,Fashion,North,21027,28474,76,2,2,4,1
M0122,713,Service,West,14259,26227,51,24,2,3,0
M0123,471,Retail,East,43901,48459,388,4,4,2,1
M0124,212,Fashion,West,47013,49298,356,24,0,4,0
M0125,748,Fashion,West,29501,21180,199,25,3,0,0
M0126,630,Fashion,North,49076,48478,108,9,0,2,0
M0127,682,Electronics,East,11783,1923,29,15,4,1,0
M0128,861,Electronics,East,6387,18350,18,22,4,3,1
M0129,58,Food,South,34385,31049,127,8,4,4,0
M0130,369,Electronics,West,22283,15696,93,22,4,3,0
M0131,848,Retail,South,18511,3935,61,28,2,4,0
M0132,842,Retail,South,9802,7351,72,16,4,4,0
M0133,674,Fashion,West,24490,29199,165,15,0,4,0
M0134,81,Fashion,North,17593,9545,49,18,0,4,0
M0135,647,Service,South,17595,24354,75,21,0,0,0
M0136,410,Fashion,West,11248,12713,24,25,3,4,0
M0137,441,Service,East,10143,13003,35,2,1,3,1
M0138,639,Service,South,47341,33381,311,16,3,1,0
M0139,565,Service,East,17423,30842,276,2,4,4,1
M0140,523,Food,East,10242,24604,31,26,0,1,1
M0141,888,Retail,South,7534,17691,129,17,1,3,1
M0142,221,Fashion,East,58194,46094,718,17,3,3,0
M0143,745,Service,West,16717,20140,40,16,0,2,0
M0144,209,Electronics,South,41550,47214,659,4,1,4,1
M0145,799,Service,East,14467,8451,34,2,1,2,1
M0146,596,Retail,South,126,14371,0,3,4,2,1
M0147,384,Service,South,38644,30213,143,0,0,3,1
M0148,209,Service,West,41027,27261,239,3,4,1,1
M0149,547,Food,North,7975,9743,62,8,0,0,0
M0150,613,Retail,West,23633,11421,51,20,2,3,0
M0151,113,Food,East,51984,43022,145,14,2,4,0
M0152,911,Fashion,North,46467,48539,479,24,2,2,0
M0153,586,Retail,South,9300,16799,40,13,1,3,0
M0154,455,Fashion,West,0,4667,0,24,4,0,1
M0155,490,Fashion,West,39087,44474,86,20,0,4,0
M0156,58,Retail,West,7396,15960,46,0,0,4,1
M0157,193,Food,East,26423,27908,64,17,0,4,0
M0158,973,Service,West,44080,36103,107,4,2,0,1
M0159,335,Retail,South,0,3624,0,6,1,4,1
M0160,77,Food,East,19714,8612,48,15,4,3,0
M0161,995,Fashion,South,17402,11475,39,29,3,0,0
M0162,284,Retail,North,23627,23580,80,18,2,3,0
M0163,46,Electronics,North,4258,16721,9,28,2,4,1
M0164,733,Fashion,South,33555,47052,131,7,4,4,0
M0165,827,Fashion,East,35733,32159,249,20,4,1,0
M0166,217,Food,South,1733,6554,14,21,2,2,1
M0167,630,Food,East,43552,38885,272,0,4,3,1
M0168,653,Fashion,South,23313,20165,49,21,0,2,0
M0169,839,Retail,North,0,1721,0,22,2,2,1
M0170,804,Service,East,0,2443,0,13,3,1,1
M0171,171,Service,East,39593,47436,96,0,1,0,1
M0172,246,Service,East,7677,4349,90,27,1,1,0
M0173,751,Service,West,42680,31023,93,9,1,1,0
M0174,116,Service,South,43304,49890,123,26,1,3,0
M0175,418,Fashion,East,1485,13144,15,25,1,3,1
M0176,982,Electronics,North,25125,36731,73,5,1,1,0
M0177,468,Food,East,45888,33216,123,15,3,4,0
M0178,67,Fashion,South,49065,34477,195,6,1,2,0
M0179,242,Electronics,East,0,5345,0,19,3,4,1
M0180,918,Service,West,60449,46806,137,11,4,2,0
M0181,166,Food,North,42616,46552,402,17,1,2,0
M0182,32,Electronics,West,5806,4250,42,5,2,3,0
M0183,761,Retail,West,29151,39298,227,18,0,2,0
M0184,522,Electronics,West,30507,40398,63,1,0,0,1
M0185,594,Electronics,North,0,5570,0,25,0,4,1
M0186,143,Service,West,29543,29410,142,0,3,2,1
M0187,783,Fashion,South,23894,27510,60,15,1,4,0
M0188,910,Food,South,14579,11047,189,7,2,0,0
M0189,113,Fashion,East,48994,43578,422,8,4,2,0
M0190,825,Service,South,52206,45877,303,25,1,3,0
M0191,375,Food,North,21832,34993,45,12,4,2,0
M0192,483,Food,East,4697,9570,90,6,1,0,1
M0193,169,Electronics,East,11782,24881,51,29,1,2,1
M0194,484,Food,East,12432,8960,27,19,0,2,0
M0195,978,Retail,East,20619,7867,166,15,2,1,0
M0196,945,Electronics,South,29758,28241,94,16,1,3,0
M0197,537,Food,West,9412,1607,44,10,1,3,0
M0198,136,Service,East,20884,8478,167,1,2,2,1
M0199,373,Fashion,West,16091,2209,60,26,1,3,0
M0200,396,Service,North,36228,36664,200,13,0,2,0
M0201,924,Food,South,28812,13902,112,19,0,0,0
M0202,374,Electronics,North,16633,31336,50,16,1,3,0
M0203,77,Service,West,41767,43525,149,23,0,0,0
M0204,665,Food,East,35344,27874,153,18,1,0,0
M0205,665,Food,North,11308,22548,58,24,0,1,0
M0206,165,Retail,North,27795,15685,166,4,4,1,1
M0207,195,Fashion,South,45110,33181,132,9,2,4,0
M0208,284,Retail,South,26942,37908,234,0,2,1,1
M0209,95,Electronics,West,1742,7329,4,18,4,1,1
M0210,579,Retail,West,0,8165,0,5,4,3,1
M0211,773,Retail,North,32102,44298,82,6,2,3,0
M0212,930,Retail,North,10112,12371,124,13,2,3,0
M0213,371,Service,West,37118,49635,188,3,4,1,1
M0214,629,Fashion,West,56970,46323,224,12,4,0,0
M0215,42,Fashion,East,55202,47848,281,28,2,1,0
M0216,544,Fashion,North,0,2576,0,22,4,3,1
M0217,905,Fashion,West,16276,30915,63,17,2,1,0
M0218,381,Electronics,South,22070,20480,48,27,1,4,0
M0219,491,Fashion,West,18405,23025,143,25,1,2,0
M0220,522,Service,West,18020,5894,130,17,1,2,0
M0221,856,Retail,South,55337,43846,144,8,1,2,0
M0222,862,Food,North,21274,10858,122,3,4,0,1
M0223,908,Fashion,North,38917,43674,80,17,3,2,0
M0224,612,Service,West,38546,29810,611,20,4,2,0
M0225,798,Retail,East,23092,20985,63,0,3,4,1
M0226,661,Food,East,32321,39841,153,4,2,4,1
M0227,878,Service,North,36369,39141,96,9,2,0,0
M0228,414,Service,East,44405,35300,153,14,4,0,0
M0229,123,Food,North,3774,5230,9,4,2,2,1
M0230,827,Service,South,17239,20569,189,29,0,3,0
M0231,284,Service,South,23062,27937,64,23,0,1,0
M0232,477,Fashion,North,31953,38449,138,2,2,0,1
M0233,491,Electronics,East,5364,15189,11,5,2,3,1
M0234,750,Retail,West,42894,35851,219,26,0,2,0
M0235,199,Service,North,56980,46526,339,6,4,3,0
M0236,374,Electronics,South,19367,8155,46,26,2,4,0
M0237,157,Fashion,North,39169,42140,334,14,3,2,0
M0238,781,Service,West,40773,45835,149,7,3,3,0
M0239,167,Fashion,South,36636,28022,172,13,0,2,0
M0240,170,Retail,East,18840,27244,57,3,1,1,1
M0241,442,Food,South,29641,22795,100,3,2,4,1
M0242,215,Electronics,North,17043,23889,67,5,2,1,0
M0243,182,Fashion,South,6040,2865,37,29,4,2,0
M0244,704,Fashion,West,26127,40557,395,15,2,3,0
M0245,904,Food,North,32730,34905,77,17,0,2,0
M0246,489,Retail,East,45203,47899,205,5,3,0,0
M0247,791,Food,West,25902,12761,95,26,2,4,0
M0248,989,Electronics,North,2349,1111,29,20,2,3,0
M0249,782,Food,West,28356,13908,109,29,2,3,0
M0250,335,Fashion,West,15770,5904,225,10,0,3,0
M0251,724,Service,West,32195,32636,67,29,4,0,0
M0252,837,Food,North,21715,28025,210,8,3,1,0
M0253,160,Fashion,West,38201,49315,82,1,3,0,1
M0254,539,Retail,South,22937,32077,115,15,3,3,0
M0255,626,Fashion,South,35554,23813,399,3,0,3,1
M0256,681,Food,South,17066,9602,116,29,0,2,0
M0257,931,Service,South,49441,41928,305,18,3,3,0
M0258,930,Retail,West,13871,12146,147,13,2,4,0
M0259,413,Electronics,East,23740,24669,54,11,0,3,0
M0260,821,Fashion,West,16922,16886,56,11,3,1,0
M0261,592,Retail,East,13107,12672,170,2,2,2,1
M0262,442,Electronics,South,9781,13989,21,15,1,0,0
M0263,455,Electronics,North,57713,46988,170,24,4,0,0
M0264,75,Food,West,16583,8043,296,15,0,0,0
M0265,276,Fashion,South,18821,32631,39,16,2,3,0
M0266,936,Fashion,South,39096,42528,129,23,3,0,0
M0267,936,Food,North,20868,23577,108,12,2,1,0
M0268,530,Retail,North,1438,15154,3,28,2,1,1
M0269,794,Electronics,East,23013,37713,140,29,2,0,0
M0270,889,Service,North,43074,48727,291,15,2,0,0
M0271,533,Service,West,18371,32126,52,29,3,0,0
M0272,513,Food,West,54674,48440,411,8,4,3,0
M0273,340,Food,East,44511,31095,370,24,1,1,0
M0274,738,Service,West,0,11549,0,4,3,1,1
M0275,868,Service,East,33749,32820,161,3,3,0,1
M0276,102,Fashion,North,41525,47691,120,11,2,3,0
M0277,306,Retail,West,31438,44955,357,22,3,1,0
M0278,45,Electronics,East,16004,10914,170,16,3,2,0
M0279,955,Retail,North,23752,29243,51,1,4,1,1
M0280,608,Fashion,East,40963,35334,375,5,2,3,0
M0281,962,Service,East,43234,35412,95,12,4,3,0
M0282,407,Service,South,48296,40856,242,17,3,1,0
M0283,37,Service,East,18592,19533,79,16,1,0,0
M0284,569,Service,North,13894,12248,41,3,0,3,1
M0285,380,Food,West,28717,29012,83,4,3,2,1
M0286,452,Fashion,East,17019,15133,166,9,4,0,0
M0287,114,Service,West,50703,47513,280,3,3,1,1
M0288,390,Fashion,West,17506,17488,336,17,0,2,0
M0289,125,Retail,West,5248,17804,86,14,2,0,1
M0290,953,Service,North,14,10872,0,16,1,4,1
M0291,605,Service,East,50990,41120,121,27,1,3,0
M0292,154,Service,North,30102,17541,88,26,1,2,0
M0293,490,Fashion,East,57798,45148,642,15,0,4,0
M0294,265,Service,North,34335,48218,88,15,3,1,0
M0295,202,Service,South,41033,45224,97,12,2,3,0
M0296,667,Food,East,12934,6557,93,27,3,4,0
M0297,780,Service,West,53323,39601,296,8,3,2,0
M0298,677,Retail,North,31372,17510,145,11,2,4,0
M0299,631,Electronics,East,3525,3513,13,29,3,1,0
M0300,38,Service,North,18820,7205,82,22,0,4,0
M0301,833,Electronics,South,49138,46689,438,13,2,1,0
M0302,720,Fashion,South,7010,19509,32,23,0,4,1
M0303,457,Service,North,46482,37457,307,5,1,1,0
M0304,467,Fashion,West,28657,41621,73,1,3,3,1
M0305,903,Electronics,West,24870,10260,276,18,1,1,0
M0306,526,Service,North,43821,45266,88,18,4,4,0
M0307,547,Electronics,East,24558,9859,122,21,4,4,0
M0308,860,Retail,East,0,7815,0,23,0,0,1
M0309,430,Electronics,North,5440,17001,32,29,3,2,1
M0310,262,Fashion,West,46284,39090,100,23,1,1,0
M0311,856,Service,South,34329,39077,177,29,2,4,0
M0312,839,Fashion,South,39665,34445,381,15,1,4,0
M0313,429,Fashion,East,22001,25811,116,3,0,4,1
M0314,576,Service,North,31263,17086,117,1,2,2,1
M0315,757,Retail,West,46238,42764,388,1,3,4,1
M0316,525,Fashion,West,24672,26951,51,4,0,0,1
M0317,476,Food,East,44301,32818,133,28,2,4,0
M0318,40,Service,South,33545,40369,79,5,2,0,0
M0319,153,Electronics,South,21351,25531,84,0,0,0,1
M0320,815,Service,South,8127,2353,17,11,1,3,0
M0321,626,Service,East,54975,45032,188,19,0,4,0
M0322,511,Electronics,South,31213,34586,119,28,1,3,0
M0323,666,Electronics,South,10655,12740,39,15,1,0,0
M0324,298,Retail,East,19665,17470,75,21,4,4,0
M0325,691,Fashion,East,29606,35445,233,26,2,3,0
M0326,546,Electronics,North,5649,17476,27,7,2,1,1
M0327,535,Fashion,South,15939,26502,32,7,2,0,0
M0328,841,Retail,South,12365,13744,101,0,1,0,1
M0329,332,Food,North,6374,12146,29,3,4,0,1
M0330,618,Service,East,12190,7269,59,22,0,4,0
M0331,274,Retail,North,31921,21355,85,25,3,1,0
M0332,600,Electronics,East,48390,40219,130,16,2,1,0
M0333,704,Electronics,South,46259,48327,187,17,3,3,0
M0334,365,Food,North,47326,35911,138,18,1,4,0
M0335,187,Retail,North,27571,32775,475,29,4,4,0
M0336,952,Fashion,North,5845,18900,30,24,4,1,1
M0337,343,Fashion,West,9470,17617,29,8,1,0,0
M0338,928,Fashion,West,48544,43767,516,19,4,1,0
M0339,179,Fashion,South,31410,19284,66,1,3,3,1
M0340,142,Service,West,30706,16751,90,1,1,0,1
M0341,38,Electronics,West,15750,3711,40,6,1,4,0
M0342,809,Fashion,West,28062,17405,78,22,0,1,0
M0343,779,Food,North,9288,22790,32,16,4,0,1
M0344,338,Food,North,7417,19291,40,15,1,0,1
M0345,988,Fashion,East,30687,28384,344,2,1,3,1
M0346,784,Retail,North,32166,41419,74,20,0,4,0
M0347,297,Service,West,22615,13265,47,5,3,3,0
M0348,243,Retail,West,16826,17914,76,23,1,2,0
M0349,707,Electronics,South,23038,23353,47,3,1,1,1
M0350,425,Fashion,North,28944,26621,507,11,0,4,0
M0351,783,Fashion,North,47987,37603,200,15,1,3,0
M0352,693,Fashion,North,28040,14719,186,7,0,1,0
M0353,422,Food,South,32031,38179,508,3,2,2,1
M0354,947,Fashion,West,39494,30755,318,15,1,3,0
M0355,481,Food,West,35304,34120,76,1,2,1,1
M0356,452,Service,North,33608,37057,119,20,4,4,0
M0357,292,Service,South,24977,23825,54,1,4,3,1
M0358,167,Retail,North,33675,31574,91,6,1,2,0
M0359,398,Fashion,West,15614,14711,108,19,0,2,0
M0360,211,Service,North,37263,48578,471,13,4,1,0
M0361,311,Fashion,South,26284,11816,62,22,0,0,0
M0362,202,Fashion,South,869,5240,6,23,1,4,1
M0363,216,Service,South,31193,28615,67,4,4,2,1
M0364,709,Service,West,3796,7821,21,18,4,3,1
M0365,305,Retail,West,16507,28104,43,28,1,2,0
M0366,441,Service,East,31781,36098,91,23,1,2,0
M0367,656,Electronics,South,39244,27113,384,8,2,2,0
M0368,466,Electronics,South,28768,31661,75,14,4,4,0
M0369,880,Service,West,28817,39286,320,26,3,4,0
M0370,97,Electronics,West,32626,25932,247,9,3,1,0
M0371,585,Food,East,48398,43350,304,24,2,0,0
M0372,52,Food,North,11593,22070,26,27,2,1,0
M0373,88,Retail,West,35021,25376,99,7,1,1,0
M0374,688,Service,North,25316,15947,76,13,4,3,0
M0375,474,Retail,North,28579,36743,62,24,2,2,0
M0376,872,Electronics,West,43191,42398,120,1,0,0,1
M0377,533,Retail,East,21498,7215,140,6,2,2,0
M0378,652,Electronics,North,0,8236,0,9,4,3,1
M0379,64,Fashion,South,38145,29883,123,9,0,3,0
M0380,694,Service,East,38825,42034,79,21,1,1,0
M0381,65,Retail,East,29938,44510,70,9,2,2,0
M0382,832,Food,South,18219,26068,69,5,2,3,0
M0383,569,Service,North,20992,34125,43,13,2,0,0
M0384,178,Food,West,6107,20876,44,0,3,3,1
M0385,715,Service,West,8364,12820,55,18,2,1,0
M0386,730,Service,West,37150,30408,100,22,0,4,0
M0387,778,Retail,West,0,8077,0,28,3,0,1
M0388,641,Fashion,West,32722,44598,140,3,2,3,1
M0389,134,Service,South,33899,22753,187,14,2,1,0
M0390,782,Food,East,49958,35090,137,1,2,3,1
M0391,962,Electronics,South,1039,10323,12,4,0,2,1
M0392,299,Service,East,19181,11263,48,29,4,1,0
M0393,914,Food,West,6124,8795,61,14,0,3,0
M0394,757,Service,South,12566,21178,63,2,0,2,1
M0395,569,Retail,West,28111,14198,85,10,3,0,0
M0396,102,Fashion,East,11030,16443,65,6,4,3,0
M0397,119,Retail,South,32767,39058,97,28,4,3,0
M0398,265,Service,West,30434,31288,74,28,4,0,0
M0399,68,Food,East,22775,25116,127,13,3,2,0
M0400,191,Electronics,North,33148,31083,72,22,4,2,0
M0401,215,Service,East,51832,46065,123,26,3,2,0
M0402,31,Fashion,North,42557,47287,108,0,4,1,1
M0403,348,Service,North,20885,29615,66,7,4,3,0
M0404,245,Food,East,9299,19433,52,10,2,2,1
M0405,131,Service,East,44418,47135,129,1,3,3,1
M0406,926,Fashion,West,29999,16496,75,15,1,1,0
M0407,936,Service,North,35520,41775,267,12,2,3,0
M0408,390,Service,East,52048,47270,114,25,4,2,0
M0409,648,Fashion,West,0,2187,0,9,3,2,1
M0410,754,Fashion,North,4878,10934,11,27,3,3,1
M0411,275,Food,West,17557,18714,62,29,4,0,0
M0412,839,Electronics,North,58687,48528,179,2,3,1,1
M0413,186,Service,South,9336,15879,48,14,2,3,0
M0414,102,Food,South,0,1951,0,22,4,0,1
M0415,964,Retail,North,32940,22363,72,23,3,1,0
M0416,647,Retail,North,49279,36986,106,3,3,1,1
M0417,212,Retail,South,0,4607,0,10,3,4,1
M0418,468,Service,West,18683,13129,147,23,2,2,0
M0419,711,Food,East,44917,38398,222,20,1,2,0
M0420,155,Service,East,16420,21187,133,18,4,1,0
M0421,639,Electronics,East,0,2668,0,8,2,4,1
M0422,207,Retail,East,14331,28770,31,4,4,2,1
M0423,307,Fashion,South,27242,39555,83,5,2,0,0
M0424,857,Service,South,31661,27490,95,8,2,0,0
M0425,589,Fashion,South,28328,22234,196,19,3,1,0
M0426,163,Service,West,0,8482,0,20,3,2,1
M0427,542,Service,West,40480,31141,109,1,3,1,1
M0428,826,Fashion,South,34607,28322,123,5,3,3,0
M0429,289,Retail,South,54375,44193,174,3,2,1,1
M0430,261,Retail,South,62058,48681,149,12,1,3,0
M0431,759,Service,North,51200,48121,196,19,1,2,0
M0432,257,Fashion,East,25358,17826,55,20,2,0,0
M0433,34,Electronics,East,44980,32579,188,12,3,3,0
M0434,755,Food,South,33134,26722,240,12,1,2,0
M0435,951,Fashion,North,14526,6830,77,12,2,1,0
M0436,315,Retail,North,58294,47120,247,13,0,1,0
M0437,36,Fashion,West,14721,7879,90,10,1,4,0
M0438,908,Retail,South,38929,24452,512,13,3,2,0
M0439,545,Retail,South,40718,46172,447,11,3,3,0
M0440,844,Food,East,15384,1644,174,19,3,1,0
M0441,782,Electronics,West,0,7706,0,14,3,4,1
M0442,136,Fashion,South,3075,8765,14,10,0,4,1
M0443,573,Food,West,37439,45923,79,17,3,2,0
M0444,968,Electronics,South,31730,20617,64,21,1,3,0
M0445,852,Food,South,0,4935,0,17,0,3,1
M0446,464,Fashion,South,33475,19835,121,28,1,4,0
M0447,680,Service,East,52547,42274,176,29,0,4,0
M0448,294,Service,West,39927,48088,154,21,4,4,0
M0449,535,Retail,West,38784,26082,103,22,0,0,0
M0450,595,Fashion,North,25472,10513,129,14,4,0,0
M0451,51,Retail,West,27835,35228,68,22,1,1,0
M0452,224,Food,North,1306,9305,5,2,4,1,1
M0453,216,Fashion,South,10488,8350,27,27,0,0,0
M0454,960,Retail,East,3260,7528,19,14,0,0,1
M0455,195,Food,West,4138,19080,9,3,0,0,1
M0456,127,Service,East,37416,30944,733,23,1,1,0
M0457,323,Retail,East,44946,30613,353,26,2,3,0
M0458,708,Retail,North,1162,3649,3,19,3,0,1
M0459,378,Food,North,7626,19937,44,8,1,3,1
M0460,260,Retail,East,12056,24363,172,5,0,3,1
M0461,38,Fashion,North,30575,45116,368,28,0,1,0
M0462,887,Food,North,40390,41345,101,22,2,3,0
M0463,356,Service,South,35518,37985,100,13,1,3,0
M0464,926,Retail,South,13390,3656,39,18,2,4,0
M0465,940,Service,East,0,7609,0,4,4,3,1
M0466,464,Electronics,West,36976,31408,111,12,1,0,0
M0467,543,Electronics,South,27779,38900,87,1,3,0,1
M0468,745,Service,West,19002,8686,115,15,4,1,0
M0469,893,Food,North,38228,27695,606,18,3,1,0
M0470,228,Fashion,East,13676,18255,43,9,4,0,0
M0471,922,Electronics,East,21179,17784,100,16,0,3,0
M0472,641,Electronics,North,23328,31867,71,17,2,0,0
M0473,453,Fashion,North,24823,29033,69,6,1,2,0
M0474,479,Fashion,West,36280,32255,87,13,0,2,0
M0475,99,Service,East,10936,5553,131,17,0,2,0
M0476,735,Fashion,West,1754,11840,6,6,1,3,1
M0477,638,Food,South,20588,23522,51,6,0,3,0
M0478,68,Service,South,36632,23476,94,9,0,0,0
M0479,432,Food,North,17350,26295,48,18,2,1,0
M0480,395,Food,East,10766,15161,37,9,1,4,0
M0481,484,Service,West,50634,46924,532,19,2,3,0
M0482,400,Food,South,3162,12568,7,7,3,4,1
M0483,436,Service,North,15647,4488,95,6,2,4,0
M0484,271,Food,North,14399,6690,224,21,2,1,0
M0485,316,Food,East,10827,14927,45,17,1,0,0
M0486,39,Fashion,East,0,4205,0,11,1,2,1
M0487,196,Fashion,West,48095,38515,146,23,2,4,0
M0488,199,Retail,West,8215,2092,85,16,1,2,0
M0489,395,Fashion,North,0,1019,0,14,3,2,1
M0490,917,Electronics,East,40474,27389,104,28,4,1,0
M0491,428,Service,North,6099,12479,12,4,0,0,1
M0492,335,Food,East,46596,38139,211,21,3,0,0
M0493,753,Food,West,32495,33939,321,1,3,3,1
M0494,436,Retail,North,31891,34871,157,12,2,1,0
M0495,108,Food,South,29596,24628,70,9,3,4,0
M0496,490,Retail,East,34361,28913,158,10,2,3,0
M0497,164,Food,North,18327,14703,38,15,2,1,0
M0498,580,Retail,West,35809,43596,107,8,2,2,0
M0499,457,Food,North,57913,48439,125,14,4,2,0
M0500,178,Electronics,South,27795,42367,91,5,2,2,0
